name,accuracy,macro_f1
Few-shot,0.7058823529411765,0.6722050441686069
Zero-shot,0.7058823529411765,0.652333923386555
