name,accuracy,macro_f1
Few-shot,0.8941176470588236,0.8889113810166442
Zero-shot,0.6941176470588235,0.6416931022194181
