name,accuracy,macro_f1
Few-shot,0.7,0.6869136675612337
Zero-shot,0.6,0.5659180331721413
