Category,Few-shot F1,Zero-shot F1
부당해고,0.8421052631578947,0.6086956521739131
부당징계,0.9473684210526315,0.8235294117647058
근로계약,0.7777777777777778,0.7692307692307693
근무조건,0.6060606060606061,0.7692307692307693
직장내성희롱,1.0,0.9523809523809523
직장내괴롭힘,0.7058823529411765,0.625
직장내차별,0.9090909090909091,0.5882352941176471
임금/퇴직금,0.8235294117647058,0.9090909090909091
산업재해,1.0,1.0
노동조합,1.0,1.0
기업자문,0.6666666666666666,0.19047619047619047
컨설팅,0.625,0.0
급여아웃소싱,0.8888888888888888,1.0
