name,accuracy,macro_f1
Few-shot,0.8588235294117647,0.8620353330879648
Zero-shot,0.6588235294117647,0.6174387703799469
