name,accuracy,macro_f1,micro_f1
Few-shot,0.8,0.5516483516483517,0.8
Zero-shot,0.55,0.3721611721611722,0.55
