name,accuracy,macro_f1
Few-shot,0.7411764705882353,0.7261475366738525
Zero-shot,0.6823529411764706,0.6371723048193636
