name,accuracy,macro_f1
Few-shot,0.8470588235294118,0.8336706029013723
Zero-shot,0.6588235294117647,0.6090174531351001
