name,accuracy,macro_f1
Few-shot,0.8705882352941177,0.8430487641013956
Zero-shot,0.6705882352941176,0.6280497280497281
